{
  "id": "1375180",
  "name": "Travel",
  "font_family": "iconfont",
  "css_prefix_text": "icon",
  "description": "Travel图标库",
  "glyphs": [
    {
      "icon_id": "521966",
      "name": "搜索",
      "font_class": "sousuo",
      "unicode": "e62b",
      "unicode_decimal": 58923
    },
    {
      "icon_id": "5975445",
      "name": "城市",
      "font_class": "chengshi",
      "unicode": "ec70",
      "unicode_decimal": 60528
    },
    {
      "icon_id": "6268303",
      "name": "返回",
      "font_class": "fanhui",
      "unicode": "e646",
      "unicode_decimal": 58950
    }
  ]
}
